,"Gender (Female=1, Male=2)",Age (years),Height (m),Weight (kg),BMI (kg/m2),Smoking History (pack year),Duration of Diabetes  (years),Fasting Plasma Glucose (mg/dl),Total Cholesterol (mmol/L),Triglyceride (mmol/L),High-Density Lipoprotein Cholesterol (mmol/L),Low-Density Lipoprotein Cholesterol (mmol/L)
count,16.0,16.0,16.0,16.0,16.0,16.0,16.0,16.0,16.0,16.0,16.0,16.0
mean,1.5625,59.0,1.65375,57.787499999999994,21.18932314849893,11.2,11.570105593607305,193.23,4.6425,1.1275,1.396875,2.7818750000000003
std,0.51234753829798,10.152175464730043,0.09422490824263681,9.472829566713422,3.5472383088058623,20.07336543781336,9.205545142228937,86.48658161819093,0.5950294110378075,0.5929530616611516,0.5099636424949006,0.7073727800813373
min,1.0,37.0,1.5,35.0,13.671875,0.0,0.038356164383561646,80.28,3.49,0.46,0.77,1.74
25%,1.0,56.0,1.6075000000000002,52.125,20.010738813735692,0.0,5.25,117.0,4.3975,0.67,0.9225000000000001,2.375
50%,2.0,58.5,1.625,60.0,20.94560601553161,0.0,8.5,181.8,4.665,0.9650000000000001,1.375,2.705
75%,2.0,67.25,1.7,64.25,22.875737558027588,10.65,17.75,252.22500000000002,5.0975,1.62,1.85,3.28
max,2.0,73.0,1.9,74.0,27.513384889946465,50.0,26.0,352.8,5.61,2.2,2.33,4.25
