,CGM (mg / dl),Insulin dose - s.c.,"CSII - bolus insulin (Novolin R, IU)","CSII - basal insulin (Novolin R, IU / H)",Carbohydrate/g
CGM (mg / dl),1.0,-0.04160998894753058,0.10356773754009707,-0.2928094245196014,0.011253901627230087
Insulin dose - s.c.,-0.04160998894753058,1.0,-0.008831197446193902,0.04616040823586173,0.24963996015435327
"CSII - bolus insulin (Novolin R, IU)",0.10356773754009707,-0.008831197446193902,1.0,0.02975054713152113,-0.026298148522372028
"CSII - basal insulin (Novolin R, IU / H)",-0.2928094245196014,0.04616040823586173,0.02975054713152113,1.0,0.022858272699787668
Carbohydrate/g,0.011253901627230087,0.24963996015435327,-0.026298148522372028,0.022858272699787668,1.0
